name,cargo_count,unstack_cargo_count,unturnover_cargo_count,min_cargo_volume_m3,max_cargo_volume_m3,estimated_space_pc,filling_space_pc
data_for_algoritm_11834.json,524.0,0.0,0.0,0.00120042,0.23561200000000002,0.033470258362637825,81.72327
data_for_algoritm_12729.json,33.0,0.0,33.0,0.99,0.99,51.5625,51.5625
data_for_algoritm_13579.json,17.0,17.0,17.0,25.296,25.296,55.279720279720266,64.24381
data_for_algoritm_13580.json,61.0,0.0,0.0,0.19799999999999998,0.8099999999999999,64.8931172186986,67.29798
data_for_algoritm_14208.json,33.0,33.0,33.0,50.688,50.688,55.853853051408464,58.26317
data_for_algoritm_14457.json,1785.0,0.0,1785.0,0.28875000000000006,12.031250000000002,177.64962089497016,90.27382
data_for_algoritm_14770.json,18.0,4.0,16.0,1.1437920000000001,6.20136,41.361380299232415,44.63278
data_for_algoritm_14771.json,60.0,0.0,60.0,0.8976000000000001,33.702000000000005,84.14403466246745,72.29493
data_for_algoritm_14772.json,18.0,4.0,16.0,1.1437920000000001,6.20136,45.3366618287373,47.83901
data_for_algoritm_14775.json,18.0,4.0,16.0,1.1437920000000001,6.20136,41.361380299232415,44.63278
data_for_algoritm_14781.json,500.0,0.0,0.0,0.7000000000000002,0.7000000000000002,58.333333333333336,58.33333
data_for_algoritm_14784.json,61.0,0.0,0.0,0.19799999999999998,0.8099999999999999,111.61616161616162,92.42424
data_for_algoritm_14786.json,505.0,0.0,505.0,0.15000000000000002,3.0,249.77189781021895,98.4375
data_for_algoritm_14787.json,505.0,0.0,505.0,0.15000000000000002,3.0,249.77189781021895,98.4375
data_for_algoritm_14793.json,2000.0,0.0,0.0,18.183,18.599999999999998,45.05843153587966,45.05843
data_for_algoritm_14798.json,2000.0,0.0,0.0,18.183,18.599999999999998,45.05843153587966,45.05843
data_for_algoritm_14803.json,59.0,0.0,59.0,3.2760000000000007,3.528,49.97775240792283,53.02746
data_for_algoritm_14806.json,76.0,59.0,0.0,0.7311360000000001,3.528,55.348201259263085,44.10313
data_for_algoritm_14808.json,82.0,59.0,0.0,0.6192,3.528,59.89644116093649,44.10313
data_for_algoritm_14809.json,82.0,59.0,0.0,0.6192,3.528,59.89644116093649,47.09761
data_for_algoritm_14810.json,82.0,59.0,6.0,0.6192,3.528,59.89644116093649,45.96287
data_for_algoritm_14811.json,82.0,65.0,0.0,0.6192,3.528,59.89644116093649,45.96287
data_for_algoritm_14836.json,95.0,78.0,0.0,0.7311360000000001,3.528,69.7509609478955,41.75434
data_for_algoritm_14860.json,135.0,0.0,120.0,1.4910750000000004,21.942000000000004,313.5936323582723,79.75931
data_for_algoritm_14864.json,26.0,26.0,26.0,5.76,10.367999999999999,23.02902523016375,26.94751
data_for_algoritm_14870.json,26.0,26.0,26.0,5.76,10.367999999999999,23.02902523016375,26.94751
data_for_algoritm_14905.json,505.0,0.0,505.0,0.15000000000000002,3.0,249.77189781021895,98.4375
data_for_algoritm_14933.json,26.0,26.0,26.0,5.76,10.367999999999999,47.038170832530604,38.05116
data_for_algoritm_14941.json,170.0,0.0,27.0,0.26254800000000006,4.90752,269.9787489211377,70.36417
data_for_algoritm_14942.json,170.0,0.0,0.0,0.26254800000000006,4.90752,269.9787489211377,70.36417
data_for_algoritm_14946.json,12.0,0.0,0.0,1.44,1.44,75.0,75.0
data_for_algoritm_14947.json,27.0,0.0,9.0,0.05213600000000001,2.8823760000000003,94.08015785770931,69.39867
data_for_algoritm_14948.json,19.0,0.0,9.0,0.05213600000000001,1.325088,69.57447270771908,69.1009
data_for_algoritm_14949.json,19.0,0.0,0.0,0.05213600000000001,1.325088,69.57447270771908,68.71463
data_for_algoritm_14950.json,4.0,4.0,0.0,11.040000000000003,11.040000000000003,16.02322206095791,16.51879
data_for_algoritm_14951.json,8.0,4.0,0.0,0.6144,11.040000000000003,16.914949201741653,17.43809
data_for_algoritm_14952.json,8.0,4.0,0.0,6.144,11.040000000000003,24.940493468795356,25.71185
data_for_algoritm_14955.json,21.0,0.0,0.0,0.672,44.04400000000001,66.25206563735267,66.25207
data_for_algoritm_14957.json,21.0,0.0,0.0,0.672,44.04400000000001,66.25206563735267,66.25207
data_for_algoritm_14974.json,50.0,0.0,50.0,0.036660000000000005,4.18464,34.71023086490663,36.20749
data_for_algoritm_14975.json,43.0,0.0,43.0,0.0315234,1.5515136,20.60163708748805,6.23493
data_for_algoritm_14993.json,1145.0,0.0,0.0,10.800000000000002,112.90751999999999,231.00517134323493,84.30492
data_for_algoritm_15024.json,24.0,13.0,0.0,0.010870600000000001,7.532525,36.244617416424056,40.74575
data_for_algoritm_15044.json,25.0,12.0,0.0,0.012506000000000001,7.532525,36.80413171182379,41.37475
data_for_algoritm_15045.json,25.0,12.0,0.0,0.012506000000000001,7.532525,36.80413171182379,41.37475
data_for_algoritm_15046.json,25.0,12.0,0.0,0.012506000000000001,7.532525,36.80413171182379,41.37475
data_for_algoritm_15073.json,9.0,0.0,0.0,0.8160000000000001,2.3487200000000006,14.417743019563723,14.51527
data_for_algoritm_15077.json,35.0,0.0,0.0,0.05585999999999999,1.63296,78.75530303030303,78.7553
data_for_algoritm_15078.json,10.0,0.0,0.0,0.00798,0.23328,22.501515151515147,22.50152
data_for_algoritm_15079.json,35.0,0.0,0.0,0.00798,0.23328,78.75530303030303,73.84621
data_for_algoritm_15080.json,35.0,0.0,0.0,0.00798,0.23328,78.75530303030303,73.84621
data_for_algoritm_15082.json,35.0,0.0,0.0,0.00798,0.23328,78.75530303030303,78.7553
data_for_algoritm_15083.json,355.0,0.0,0.0,0.6517000000000002,2.796984,9.653319449207931,10.06973
data_for_algoritm_15129.json,10.0,0.0,0.0,0.15810000000000002,0.15810000000000002,8.234375,8.23438
data_for_algoritm_15134.json,40.0,0.0,0.0,0.2976,0.2976,15.5,15.5
data_for_algoritm_15135.json,60.0,0.0,0.0,0.006240000000000002,0.006240000000000002,77.81518892630007,77.81519
data_for_algoritm_15140.json,40.0,0.0,40.0,0.2976,0.2976,15.5,15.5
data_for_algoritm_15159.json,151.0,0.0,0.0,0.0022184,0.122598232,114.9892682812501,79.43068
data_for_algoritm_15160.json,151.0,0.0,151.0,0.0022184,0.122598232,114.9892682812501,72.68197
data_for_algoritm_15161.json,35.0,3.0,35.0,0.06400000000000002,53.361735,199.73527536609765,82.39559
data_for_algoritm_15173.json,35.0,3.0,35.0,0.06400000000000002,53.361735,199.73527536609765,82.39559
data_for_algoritm_15174.json,35.0,3.0,35.0,0.06400000000000002,53.361735,199.4640346113257,82.39559
data_for_algoritm_15183.json,300.0,0.0,0.0,9.000000000000002,9.000000000000002,11.686015047005219,13.28999
data_for_algoritm_15186.json,1200.0,0.0,0.0,36.00000000000001,36.00000000000001,46.744060188020875,53.15996
data_for_algoritm_15190.json,1500.0,0.0,0.0,45.00000000000001,45.00000000000001,50.508555840457134,57.57696
data_for_algoritm_15198.json,17.0,17.0,17.0,0.09000000000000001,16.134632000000003,99.87988799036931,30.78793
data_for_algoritm_15211.json,25.0,24.0,0.0,0.051840000000000004,8.232000000000001,48.91017250939575,49.24104
data_for_algoritm_15212.json,25.0,25.0,25.0,0.051840000000000004,8.232000000000001,48.91017250939575,49.24104
data_for_algoritm_15215.json,1785.0,0.0,1785.0,0.28875000000000006,12.031250000000002,177.64962089497016,92.79553
data_for_algoritm_15216.json,524.0,0.0,0.0,0.00120042,0.23561200000000002,0.033470258362637825,81.72327
data_for_algoritm_15217.json,524.0,0.0,0.0,0.00120042,0.23561200000000002,0.0557837639377297,78.14752
data_for_algoritm_15234.json,44.0,24.0,24.0,2.97714,10.303488000000002,72.29421168272783,51.91179
data_for_algoritm_15253.json,44.0,0.0,24.0,2.97714,10.303488000000002,72.29421168272783,49.43209
data_for_algoritm_15254.json,44.0,0.0,0.0,2.97714,10.303488000000002,72.29421168272783,54.39149
data_for_algoritm_15255.json,44.0,0.0,0.0,2.97714,10.303488000000002,41.64613037233022,46.66986
data_for_algoritm_15275.json,50.0,0.0,0.0,1.7279999999999998,24.877125000000007,89.74236584730512,85.10719
data_for_algoritm_15277.json,19.0,0.0,9.0,0.05213600000000001,1.325088,69.57447270771908,69.1009
data_for_algoritm_15297.json,44.0,0.0,0.0,2.97714,10.303488000000002,72.29421168272783,54.39149
data_for_algoritm_15313.json,30.0,0.0,30.0,42.12,42.12,55.333127831622406,54.08501
data_for_algoritm_15316.json,30.0,0.0,30.0,42.12,42.12,55.333127831622406,54.08501
data_for_algoritm_15317.json,28.0,0.0,28.0,39.312,39.312,55.333127831622406,54.08501
data_for_algoritm_15318.json,27.0,0.0,27.0,37.908,37.908,56.16520494187237,56.1652
data_for_algoritm_15323.json,33.0,33.0,33.0,0.0072,7.131840000000001,35.27620511591456,33.71416
data_for_algoritm_15324.json,33.0,31.0,33.0,0.0072,7.131840000000001,35.27620511591456,34.39371
data_for_algoritm_15325.json,5.0,0.0,0.0,1.5680000000000005,24.57,73.79330313424293,59.18947
data_for_algoritm_15326.json,36.0,8.0,36.0,0.5120000000000001,14.899500000000003,54.01864445996646,60.6502
data_for_algoritm_15327.json,14.0,0.0,0.0,0.4900000000000001,24.57,121.98048574827267,68.89198
data_for_algoritm_15328.json,14.0,0.0,0.0,0.4900000000000001,24.57,121.98048574827267,68.89198
data_for_algoritm_15335.json,32.0,8.0,32.0,0.5120000000000001,14.899500000000003,50.68238048645729,56.90437
data_for_algoritm_15340.json,520.0,0.0,520.0,19.600000000000005,22.5,16.133358881011688,32.67396
data_for_algoritm_15341.json,700.0,0.0,700.0,22.5,196.00000000000003,257.05882352941177,72.24542
data_for_algoritm_15342.json,800.0,0.0,800.0,27.0,196.00000000000003,247.50277469478362,77.77817
data_for_algoritm_15346.json,700.0,0.0,700.0,22.5,196.00000000000003,224.99187599128234,84.39142
data_for_algoritm_15349.json,18.0,0.0,0.0,0.147232,1.22688,81.35731264443709,69.4624
data_for_algoritm_15355.json,28.0,0.0,0.0,10.758000000000001,46.944,79.71444004582301,89.12657
data_for_algoritm_15361.json,136.0,0.0,0.0,0.147232,4.90752,285.41733020016056,70.36417
data_for_algoritm_15363.json,2.0,0.0,0.0,1.22688,1.22688,40.504456916474076,40.50446
data_for_algoritm_15364.json,2.0,0.0,0.0,1.22688,1.22688,40.504456916474076,40.50446
data_for_algoritm_15372.json,86.0,0.0,0.0,0.092796,3.68064,300.8265435170212,77.81317
data_for_algoritm_15374.json,32.0,8.0,32.0,0.5120000000000001,14.899500000000003,50.68238048645729,56.90437
data_for_algoritm_15380.json,18.0,0.0,0.0,0.147232,1.22688,73.36605607503344,73.36606
data_for_algoritm_15386.json,88.0,0.0,88.0,0.65472,0.65472,34.099999999999994,34.1
data_for_algoritm_15388.json,18.0,0.0,0.0,0.147232,1.22688,73.36605607503344,73.36606
data_for_algoritm_15389.json,18.0,0.0,0.0,0.147232,1.22688,73.36605607503344,73.36606
data_for_algoritm_15391.json,18.0,0.0,0.0,0.147232,1.22688,82.41849498327757,77.49435
data_for_algoritm_15398.json,14.0,0.0,0.0,1.4400000000000002,10.08,28.82608893278183,30.06953
data_for_algoritm_15399.json,14.0,0.0,0.0,1.4400000000000002,14.4,40.726767849985336,42.48356
data_for_algoritm_15400.json,26.0,6.0,26.0,0.5120000000000001,7.843000000000003,46.21935513856156,51.89344
data_for_algoritm_15402.json,92.0,0.0,0.0,0.0007392,0.13434064,83.38397216435185,83.38397
data_for_algoritm_15403.json,92.0,0.0,0.0,0.0007392,0.13434064,83.38397216435185,83.38397
data_for_algoritm_15404.json,92.0,0.0,0.0,0.0007392,0.13434064,83.38397216435185,60.81921
data_for_algoritm_15405.json,92.0,0.0,92.0,0.0007392,0.13434064,83.38397216435185,54.02523
data_for_algoritm_15406.json,92.0,0.0,92.0,0.0007392,0.13434064,83.38397216435185,82.13504
data_for_algoritm_15407.json,78.0,0.0,0.0,10.740599999999999,10.740599999999999,11.059715072182913,11.13453
data_for_algoritm_15408.json,172.0,0.0,0.0,10.740599999999999,28.341000000000005,40.24275744046178,40.51499
data_for_algoritm_15411.json,17.0,17.0,17.0,0.7695000000000001,2.2770000000000006,26.945954197278844,27.12824
data_for_algoritm_15412.json,24.0,6.0,24.0,0.5120000000000001,7.843000000000003,44.55122315180698,50.02052
data_for_algoritm_15421.json,39.0,13.0,13.0,3.9,11.52,27.74041711306702,27.92807
data_for_algoritm_15428.json,240.0,0.0,120.0,3.2399999999999998,51.839999999999996,56.907676061108724,57.10016
data_for_algoritm_15429.json,240.0,0.0,120.0,3.2399999999999998,51.839999999999996,56.716487549655966,57.10016
data_for_algoritm_15432.json,10.0,0.0,10.0,1.152,23.962122,46.37010896287565,46.68379
data_for_algoritm_15433.json,10.0,0.0,10.0,1.152,23.962122,46.37010896287565,46.68379
data_for_algoritm_15435.json,10.0,9.0,10.0,1.152,23.962122,46.37010896287565,46.68379
data_for_algoritm_15437.json,10.0,9.0,10.0,1.152,23.962122,46.37010896287565,46.68379
data_for_algoritm_15440.json,9.0,9.0,0.0,0.20700000000000002,8.064,41.09810201574641,58.56268
data_for_algoritm_15442.json,9.0,9.0,2.0,0.20700000000000002,8.064,30.272848269742674,30.27285
data_for_algoritm_15443.json,9.0,9.0,3.0,0.20700000000000002,8.064,30.272848269742674,30.27285
data_for_algoritm_15444.json,16.0,16.0,4.0,0.15360000000000001,8.064,46.2790594498669,46.27906
data_for_algoritm_15445.json,16.0,16.0,4.0,0.15360000000000001,8.064,45.29439861050803,44.94703
data_for_algoritm_15449.json,9.0,9.0,9.0,0.0192,1.1180400000000001,5.447467980467246,5.48432
data_for_algoritm_15450.json,73.0,0.0,73.0,0.0020081250000000004,0.07238000000000001,64.06672511574074,64.06673
data_for_algoritm_15451.json,73.0,0.0,0.0,0.0020081250000000004,0.07238000000000001,64.06672511574074,64.06673
data_for_algoritm_15452.json,73.0,0.0,0.0,0.0020081250000000004,0.07238000000000001,64.06672511574074,64.06673
data_for_algoritm_15453.json,73.0,0.0,73.0,0.0020081250000000004,0.07238000000000001,64.06672511574074,64.06673
data_for_algoritm_15454.json,82.0,0.0,82.0,0.002418,0.19600000000000004,64.28879820601851,64.2888
data_for_algoritm_15455.json,82.0,0.0,0.0,0.002418,0.19600000000000004,64.28879820601851,64.2888
data_for_algoritm_15456.json,82.0,0.0,0.0,0.002418,0.19600000000000004,64.28879820601851,64.2888
data_for_algoritm_15457.json,82.0,0.0,0.0,0.002418,0.19600000000000004,64.28879820601851,64.2888
data_for_algoritm_15458.json,82.0,0.0,0.0,0.002418,0.19600000000000004,64.28879820601851,64.2888
data_for_algoritm_15464.json,100.0,0.0,50.0,18.809700000000003,33.539934,60.81440147867937,68.56407
data_for_algoritm_15466.json,100.0,0.0,100.0,18.809700000000003,33.539934,60.81440147867937,68.56407
data_for_algoritm_15467.json,110.0,0.0,0.0,20.69067,25.502399999999998,341.74560546875006,72.45
data_for_algoritm_15469.json,59.0,0.0,59.0,0.004802853,0.17808000000000002,65.09269241898149,65.09269
data_for_algoritm_15481.json,348.0,348.0,348.0,0.0025000000000000005,116.89183799999999,190.99669431753279,42.56597
data_for_algoritm_15482.json,59.0,0.0,59.0,0.004802853,0.17808000000000002,65.09269241898149,65.09269
data_for_algoritm_15483.json,348.0,348.0,348.0,0.0025000000000000005,116.89183799999999,190.99669431753279,42.56597
data_for_algoritm_15485.json,240.0,0.0,120.0,3.2399999999999998,51.839999999999996,56.716487549655966,57.10016
data_for_algoritm_15486.json,73.0,0.0,73.0,0.0020081250000000004,0.07238000000000001,64.06672511574074,64.06673
data_for_algoritm_15487.json,73.0,0.0,73.0,0.0020081250000000004,0.07238000000000001,64.06672511574074,64.06673
data_for_algoritm_15489.json,88.0,88.0,88.0,8.129016,116.89183799999999,239.8431789112722,52.2846
data_for_algoritm_15490.json,4.0,0.0,0.0,15.5904,15.5904,20.243294332092237,23.02181
data_for_algoritm_15503.json,222.0,222.0,222.0,0.066,20.08125,134.89594933574747,68.87481
data_for_algoritm_15504.json,505.0,0.0,505.0,0.15000000000000002,3.0,249.77189781021895,98.4375
data_for_algoritm_15508.json,18.0,0.0,0.0,0.147232,1.22688,80.55179469746247,80.55179
data_for_algoritm_15509.json,19.0,0.0,0.0,0.147232,1.22688,82.25598096290315,82.25598
data_for_algoritm_15510.json,18.0,0.0,0.0,0.147232,1.22688,81.35731264443709,69.4624
data_for_algoritm_15515.json,18.0,0.0,0.0,0.147232,1.22688,73.36605607503344,73.36606
data_for_algoritm_15518.json,18.0,0.0,0.0,0.147232,1.22688,73.36605607503344,73.36606
data_for_algoritm_15519.json,18.0,0.0,0.0,0.147232,1.22688,73.36605607503344,73.36606
data_for_algoritm_15523.json,18.0,0.0,0.0,0.147232,1.22688,82.41849498327757,82.41849
data_for_algoritm_15529.json,18.0,0.0,0.0,0.147232,1.22688,80.55179469746247,80.55179
data_for_algoritm_15530.json,19.0,0.0,0.0,0.147232,1.22688,82.25598096290315,82.25598
data_for_algoritm_15535.json,85.0,0.0,0.0,0.092796,3.68064,301.2554484973618,77.81317
data_for_algoritm_15536.json,85.0,0.0,0.0,0.092796,3.68064,301.2554484973618,85.5585
data_for_algoritm_15537.json,85.0,0.0,0.0,0.092796,3.68064,301.2554484973618,92.13183
data_for_algoritm_15543.json,10.0,0.0,0.0,2.88,2.88,8.673154085538922,13.70889
data_for_algoritm_15545.json,17.0,16.0,17.0,1.152,26.544,73.70276047918044,70.54445
data_for_algoritm_15547.json,16.0,15.0,16.0,1.152,23.962122,69.79809597685119,70.27026
data_for_algoritm_15558.json,88.0,0.0,88.0,0.65472,0.65472,71.78947368421052,71.78947
data_for_algoritm_15567.json,73.0,0.0,73.0,0.0020081250000000004,0.07238000000000001,64.06672511574074,64.06673
data_for_algoritm_15568.json,51.0,0.0,51.0,0.00247104,0.17808000000000002,64.6667413773148,61.30606
data_for_algoritm_15569.json,14.0,13.0,14.0,10.488000000000003,23.962122,73.43091674800564,73.92766
data_for_algoritm_15571.json,82.0,0.0,82.0,0.002418,0.19600000000000004,64.28879820601851,64.2888
data_for_algoritm_15573.json,14.0,14.0,14.0,10.488000000000003,23.962122,73.43091674800563,73.92766
data_for_algoritm_15575.json,15.0,15.0,15.0,6.90891,22.752000000000002,79.43459172926819,72.10979
data_for_algoritm_15581.json,550.0,0.0,0.0,0.34034,1.22265,228.14114583333333,89.6649
data_for_algoritm_15585.json,17.0,17.0,17.0,0.09000000000000001,16.134632000000003,99.81107341644528,43.84379
data_for_algoritm_15592.json,22.0,22.0,22.0,7.6664e-05,58.11811200000001,119.66845479706653,75.2907
data_for_algoritm_15593.json,23.0,23.0,23.0,0.8878080000000002,11.721024000000002,16.97309400732011,19.08094
data_for_algoritm_15598.json,2.0,0.0,0.0,2.0644800000000005,47.75795000000001,64.69174073981824,73.57107
data_for_algoritm_15600.json,8.0,8.0,8.0,6.806000000000002,6.806000000000002,12.046486765856374,17.52462
data_for_algoritm_15602.json,8.0,8.0,8.0,0.0026020500000000003,8.9304,39.50808168553198,32.43181
data_for_algoritm_15603.json,8.0,8.0,8.0,0.0026020500000000003,8.9304,39.50808168553198,32.43181
data_for_algoritm_15605.json,100.0,0.0,0.0,1.8599999999999999,1.8599999999999999,96.875,93.0
data_for_algoritm_15611.json,3.0,0.0,0.0,1.84032,1.84032,60.75668537471112,40.50446
data_for_algoritm_15612.json,104.0,0.0,0.0,0.092796,4.90752,309.4841259368733,83.41583
data_for_algoritm_15613.json,104.0,0.0,0.0,0.092796,4.90752,309.4841259368733,83.41583
data_for_algoritm_15620.json,2.0,0.0,0.0,1.22688,1.22688,40.504456916474076,40.50446
data_for_algoritm_15621.json,3.0,0.0,0.0,1.84032,1.84032,60.75668537471112,40.50446
data_for_algoritm_15622.json,5.0,0.0,0.0,0.30528,2.45376,91.08748761967644,50.58303
data_for_algoritm_15623.json,5.0,0.0,0.0,0.30528,2.45376,91.08748761967644,50.58303
data_for_algoritm_15624.json,5.0,0.0,0.0,0.23232000000000003,0.625617,45.38497854077252,45.38498
data_for_algoritm_15625.json,16.0,0.0,0.0,0.46464000000000005,0.9306000000000001,54.43776824034335,54.43777
data_for_algoritm_15628.json,75.0,0.0,0.0,0.092796,2.45376,283.1125936159384,85.5585
data_for_algoritm_15660.json,500.0,0.0,500.0,0.525,0.525,77.77777777777777,70.0
data_for_algoritm_15720.json,95.0,0.0,95.0,0.5700000000000001,0.5700000000000001,133.33333333333334,66.66667
data_for_algoritm_15762.json,31.0,0.0,0.0,0.05213600000000001,0.74448,67.71553276319017,65.18568
data_for_algoritm_15785.json,15.0,0.0,0.0,0.1134,0.6364000000000001,62.261037846273894,61.83379
data_for_algoritm_15792.json,31.0,0.0,0.0,0.05213600000000001,0.74448,133.05395174708818,63.90919
data_for_algoritm_15796.json,19.0,0.0,0.0,0.05213600000000001,0.6364000000000001,63.13669421487603,63.13669
data_for_algoritm_15798.json,19.0,0.0,0.0,0.05213600000000001,0.6364000000000001,65.1931330472103,65.19313
data_for_algoritm_15823.json,31.0,0.0,0.0,0.05213600000000001,0.74448,133.27570833333334,64.01571
data_for_algoritm_15828.json,31.0,0.0,0.0,0.05213600000000001,0.74448,133.05395174708818,63.90919
data_for_algoritm_15832.json,31.0,0.0,0.0,0.05213600000000001,0.74448,67.71553276319017,65.18568
data_for_algoritm_15834.json,19.0,0.0,0.0,0.05213600000000001,0.6364000000000001,65.1931330472103,65.19313
data_for_algoritm_15915.json,59.0,0.0,59.0,0.004802853,0.17808000000000002,65.09269241898149,65.09269
data_for_algoritm_15916.json,59.0,0.0,59.0,0.004802853,0.17808000000000002,65.09269241898149,65.09269
data_for_algoritm_15923.json,4.0,4.0,4.0,1.2800000000000002,11.376000000000001,13.032023718744481,13.12018
data_for_algoritm_15927.json,5.0,5.0,0.0,0.9136800000000002,3.0368800000000005,10.824234961274588,11.29115
data_for_algoritm_15929.json,7.0,7.0,7.0,0.72,11.376000000000001,19.29085493304769,19.42135
data_for_algoritm_15939.json,7.0,4.0,7.0,0.72,11.376000000000001,19.29085493304769,19.42135
data_for_algoritm_15941.json,21.0,18.0,21.0,0.72,26.23488,70.02125084823483,68.20553
data_for_algoritm_15948.json,12.0,6.0,0.0,0.28800000000000003,15.525000000000002,47.13142174798618,47.45025
data_for_algoritm_15950.json,12.0,6.0,0.0,2.88,15.525000000000002,49.80043292679352,50.13732
data_for_algoritm_15967.json,26.0,26.0,26.0,0.192,19.2,61.20602795845227,67.88753
data_for_algoritm_15968.json,26.0,26.0,26.0,0.8960000000000002,19.2,69.95445348898744,73.06696
data_for_algoritm_15973.json,20.0,0.0,0.0,0.04373199999999999,0.7779240000000001,192.95308333333338,35.88683
data_for_algoritm_15975.json,20.0,0.0,20.0,0.04373199999999999,0.7779240000000001,192.95308333333338,76.79467
data_for_algoritm_15977.json,20.0,0.0,20.0,0.04373199999999999,0.7779240000000001,5.102828201854249,5.32294
data_for_algoritm_15978.json,20.0,0.0,20.0,0.04373199999999999,0.7779240000000001,5.379671434439787,6.06521
data_for_algoritm_15980.json,20.0,0.0,20.0,0.04373199999999999,0.7779240000000001,25.208550772752663,26.7479
data_for_algoritm_15983.json,20.0,0.0,0.0,0.04373199999999999,0.7779240000000001,25.208550772752663,26.7479
data_for_algoritm_15988.json,26.0,26.0,26.0,0.8960000000000002,19.2,69.95445348898744,68.81243
data_for_algoritm_15999.json,27.0,27.0,27.0,0.021648,0.18666000000000002,47.63063802083334,47.63064
data_for_algoritm_16003.json,226.0,226.0,226.0,0.0256,4.3296,120.32608790817865,67.92564
data_for_algoritm_16004.json,226.0,226.0,226.0,0.0256,4.3296,18.864148178943456,16.2856
data_for_algoritm_16011.json,17.0,17.0,17.0,16.32,16.32,41.50031786395423,29.29434
data_for_algoritm_16014.json,48.0,0.0,48.0,0.28,1.4120400000000002,8.136631153555076,9.1471
data_for_algoritm_16017.json,26.0,26.0,26.0,0.8960000000000002,19.2,112.68670951689816,66.65033
data_for_algoritm_16018.json,26.0,26.0,26.0,0.8960000000000002,19.2,112.68670951689819,66.41509
data_for_algoritm_16019.json,26.0,26.0,26.0,0.8960000000000002,19.2,112.68670951689819,66.41509
data_for_algoritm_16026.json,8.0,8.0,0.0,3.6167500000000006,11.632500000000002,58.8091179385955,59.20694
data_for_algoritm_16036.json,355.0,0.0,0.0,0.6517000000000002,2.796984,9.653319449207931,10.06973
data_for_algoritm_16037.json,355.0,0.0,0.0,0.6517000000000002,2.796984,35.1377308240863,30.68663
data_for_algoritm_16043.json,355.0,0.0,0.0,0.6517000000000002,2.796984,9.653319449207931,10.06973
data_for_algoritm_16047.json,2100.0,0.0,0.0,0.062369999999999995,1.2473999999999998,13.60534254088552,16.04728
data_for_algoritm_16048.json,2500.0,0.0,0.0,0.6236999999999999,0.9355499999999999,20.876847686375317,43.659
data_for_algoritm_16050.json,2500.0,0.0,0.0,18.8811,37.5,54.22007014939335,58.73029
data_for_algoritm_16060.json,12.0,0.0,0.0,0.2718900000000001,9.50625,44.90778577876211,50.63045
data_for_algoritm_16066.json,28.0,28.0,0.0,0.004992,2.7132000000000005,13.38402570188612,13.06481
data_for_algoritm_16067.json,285.0,0.0,0.0,33.858,33.858,53.312043547880315,41.8714
data_for_algoritm_16068.json,304.0,0.0,0.0,0.9405,33.858,52.80861011484445,44.70458
data_for_algoritm_16069.json,496.0,0.0,0.0,3.1350000000000007,112.86,89.39689147579163,77.02018
data_for_algoritm_16070.json,496.0,0.0,0.0,3.1350000000000007,112.86,198.88308039499657,52.38896
data_for_algoritm_16072.json,496.0,0.0,0.0,3.1350000000000007,112.86,89.39689147579163,77.02018
data_for_algoritm_16073.json,496.0,0.0,0.0,3.1350000000000007,112.86,89.39689147579163,77.02018
data_for_algoritm_16074.json,496.0,0.0,0.0,2.2869,112.86,79.98486561261619,77.02018
data_for_algoritm_16079.json,30.0,30.0,30.0,2.1280000000000006,21.88800000000001,50.10986111322547,56.26156
data_for_algoritm_16088.json,10.0,10.0,10.0,0.7442,26.544,33.731317498386574,33.9595
data_for_algoritm_16092.json,22.0,22.0,22.0,0.7442,26.544,77.2145139971184,66.73258
data_for_algoritm_16098.json,17.0,16.0,17.0,0.7442,26.544,58.86092270418415,58.4876
data_for_algoritm_16106.json,490.0,0.0,490.0,0.744,6.517000000000001,50.25512099760133,36.12149
data_for_algoritm_16124.json,18.0,9.0,18.0,0.7442,29.98272,64.60485717857577,65.04189
data_for_algoritm_16130.json,25.0,9.0,25.0,0.010804500000000002,29.98272,64.61598269218743,65.05309
data_for_algoritm_16131.json,592.0,0.0,592.0,2.376,30.599999999999998,64.16594638658354,64.16595
data_for_algoritm_16137.json,7.0,7.0,7.0,0.264,6.216000000000001,28.175887478315413,26.71115
data_for_algoritm_16140.json,15.0,15.0,15.0,0.31913,14.459500000000002,59.26958942373227,38.59184
data_for_algoritm_16143.json,1500.0,1500.0,1500.0,375.0,375.0,19.705529854566386,19.63145
data_for_algoritm_16144.json,26.0,9.0,26.0,0.010804500000000002,29.98272,66.91491570059995,67.36758
data_for_algoritm_16146.json,583.0,0.0,583.0,0.3110399999999999,12.850992,46.08132442463533,46.39305
data_for_algoritm_16148.json,583.0,0.0,7.0,0.3110399999999999,12.850992,46.08132442463533,46.39305
data_for_algoritm_16159.json,617.0,616.0,616.0,1.3309999999999998e-06,122.687334,256.6759011168675,15.49953
data_for_algoritm_16162.json,617.0,616.0,616.0,1.3309999999999998e-06,122.687334,256.6759011168675,15.49953
data_for_algoritm_16166.json,20.0,20.0,20.0,58.8,58.8,64.79258521588575,67.58748
data_for_algoritm_16174.json,653.0,37.0,653.0,0.0015435000000000002,122.687334,257.3983215725498,38.51919
data_for_algoritm_16176.json,653.0,0.0,653.0,0.0015435000000000002,122.687334,257.3983215725498,39.32862
data_for_algoritm_16178.json,653.0,37.0,653.0,0.0015435000000000002,122.687334,257.3983215725498,38.51919
data_for_algoritm_16179.json,17.0,0.0,0.0,11.358550000000003,11.358550000000003,21.740129203688177,23.44868
data_for_algoritm_16180.json,32.0,0.0,0.0,0.1008672,11.358550000000003,49.366352170040244,27.30592
data_for_algoritm_16181.json,32.0,0.0,32.0,0.1008672,11.358550000000003,34.71307001264453,34.94789
data_for_algoritm_16183.json,32.0,0.0,32.0,0.1008672,11.358550000000003,99.79002439139907,63.90284
data_for_algoritm_16184.json,32.0,0.0,32.0,0.1008672,11.358550000000003,34.71307001264453,34.94789
data_for_algoritm_16218.json,653.0,37.0,653.0,0.0015435000000000002,122.687334,257.3983215725498,38.51919
data_for_algoritm_16220.json,653.0,0.0,653.0,0.0015435000000000002,122.687334,257.3983215725498,39.32862
data_for_algoritm_16222.json,653.0,37.0,653.0,0.0015435000000000002,122.687334,257.3983215725498,38.51919
data_for_algoritm_16244.json,7.0,7.0,7.0,0.7808,12.850992,37.974353306829066,38.23124
data_for_algoritm_16245.json,653.0,37.0,653.0,0.0015435000000000002,122.687334,257.3983215725498,74.14373
data_for_algoritm_16248.json,5.0,5.0,5.0,0.13520000000000001,2.365,21.846440985988067,9.52026
data_for_algoritm_16249.json,5.0,5.0,5.0,0.13520000000000001,2.365,20.40370731905721,11.49308
data_for_algoritm_16251.json,5.0,5.0,5.0,0.13520000000000001,2.365,5.824740203193032,6.00489
data_for_algoritm_16258.json,153.0,153.0,153.0,0.004213440000000001,31.0,37.00184339798675,17.28106
data_for_algoritm_16259.json,153.0,28.0,153.0,0.004213440000000001,31.0,37.00184339798675,37.25215
data_for_algoritm_16304.json,30.0,0.0,30.0,7.644,12.597760000000001,52.895397849427574,60.97664
data_for_algoritm_16305.json,30.0,0.0,30.0,7.644,12.597760000000001,26.282834659763143,29.89031
data_for_algoritm_16306.json,30.0,16.0,30.0,7.644,12.597760000000001,26.282834659763143,29.89031
data_for_algoritm_16312.json,24.0,0.0,24.0,87.12000000000002,87.12000000000002,56.14767767288759,59.77322
data_for_algoritm_16315.json,8.0,0.0,8.0,2.8823760000000003,2.8823760000000003,96.40053511705685,96.40054
data_for_algoritm_16317.json,16.0,16.0,16.0,0.4375,2.4,31.78194484760522,32.11027
data_for_algoritm_16321.json,12.0,0.0,6.0,1.0,26.979000000000006,85.09010769268234,69.14196
data_for_algoritm_16324.json,12.0,0.0,6.0,1.0,26.979000000000006,66.71682717249362,75.21865
data_for_algoritm_16325.json,110.0,0.0,0.0,7.3616,12.574079999999999,283.03575484984776,90.28841
data_for_algoritm_16326.json,312.0,0.0,6.0,1.0,26.979000000000006,78.96761678132947,89.03057
data_for_algoritm_16327.json,512.0,0.0,6.0,1.0,26.979000000000006,87.13480985388674,79.26114
data_for_algoritm_16328.json,362.0,0.0,6.0,1.0,26.979000000000006,81.00941504946879,91.33256
data_for_algoritm_16329.json,25.0,0.0,0.0,64.8,64.8,73.4110584243268,78.79577
data_for_algoritm_16330.json,412.0,0.0,6.0,1.0,26.979000000000006,83.0512133176081,79.53658
data_for_algoritm_16331.json,512.0,0.0,6.0,1.0,26.979000000000006,87.13480985388674,79.26114
data_for_algoritm_16332.json,342.0,0.0,6.0,1.0,26.979000000000006,80.19269574221308,90.41176
data_for_algoritm_16336.json,90.0,0.0,0.0,3.75,4.319999999999999,21.08837673428005,24.31021
data_for_algoritm_16337.json,60.0,60.0,0.0,2.1599999999999997,3.75,15.443904151127027,17.80339
data_for_algoritm_16338.json,80.0,80.0,0.0,3.5999999999999996,3.75,19.206885873229044,20.40612
data_for_algoritm_16341.json,40.0,0.0,0.0,6.6640000000000015,6.6640000000000015,9.67198838896952,9.97112
data_for_algoritm_16344.json,207.0,0.0,1.0,2.1,35.75,69.24432066269152,72.23125
data_for_algoritm_16345.json,214.0,0.0,1.0,0.009016000000000003,35.75,69.5054920806767,72.50368
data_for_algoritm_16357.json,1.0,0.0,0.0,11.4,11.4,29.79027196664096,34.34156
data_for_algoritm_16358.json,16.0,0.0,0.0,0.036,4.1472,48.07789276334151,55.42313
data_for_algoritm_16362.json,54.0,1.0,50.0,0.06,4.66164,12.799252374470813,14.75469
data_for_algoritm_16380.json,50.0,0.0,50.0,0.7975,0.7975,41.53645833333333,41.53646
data_for_algoritm_16381.json,100.0,0.0,100.0,1.595,1.595,83.07291666666666,83.07292
data_for_algoritm_16382.json,43.0,43.0,43.0,7.296,27.66400000000001,83.01119027420238,61.57048
data_for_algoritm_16383.json,100.0,0.0,100.0,1.595,1.595,138.45486111111111,83.07292
data_for_algoritm_16394.json,200.0,0.0,0.0,345.6,345.6,228.49303521030734,65.54606
data_for_algoritm_16395.json,120.0,0.0,0.0,86.4,120.96,228.49303521030734,65.54606
data_for_algoritm_16396.json,21.0,0.0,0.0,0.16606,8.860752000000002,33.499551658450514,34.94459
data_for_algoritm_16403.json,28.0,25.0,0.0,8.0685,51.6384,78.39961173706878,87.65649
data_for_algoritm_16404.json,26.0,23.0,0.0,8.0685,46.944,73.08138839343977,81.71033
data_for_algoritm_16410.json,34.0,0.0,34.0,0.3048,2.55528,37.01951948254086,38.6164
data_for_algoritm_16422.json,37.0,0.0,37.0,0.39896025000000007,2.0234250000000005,13.186457149512629,11.65422
data_for_algoritm_16433.json,40.0,40.0,40.0,7.68,23.04,33.850820031156644,29.13158
data_for_algoritm_16437.json,1800.0,0.0,1800.0,10.232640000000002,13.856700000000004,48.512552656130744,48.84073
data_for_algoritm_16441.json,4.0,0.0,0.0,8.99,8.99,23.492503945623007,27.08164
data_for_algoritm_16480.json,563.0,0.0,563.0,0.09344496000000001,161.21297808000003,46.38226783159863,51.77125
data_for_algoritm_16494.json,5.0,0.0,0.0,0.30528,2.45376,91.08748761967644,50.58303
data_for_algoritm_16495.json,5.0,0.0,0.0,0.23232000000000003,0.625617,45.38497854077252,45.38498
data_for_algoritm_16496.json,16.0,0.0,0.0,0.46464000000000005,0.9306000000000001,54.43776824034335,54.43777
data_for_algoritm_16505.json,15.0,0.0,0.0,0.1134,0.6364000000000001,62.261037846273894,61.83379
data_for_algoritm_16506.json,15.0,0.0,0.0,0.1134,0.6364000000000001,62.261037846273894,61.83379
data_for_algoritm_16510.json,31.0,0.0,0.0,0.05213600000000001,0.74448,133.05395174708818,63.90919
data_for_algoritm_16514.json,19.0,0.0,0.0,0.05213600000000001,0.6364000000000001,63.13669421487603,63.13669
data_for_algoritm_16516.json,19.0,0.0,0.0,0.05213600000000001,0.6364000000000001,65.1931330472103,65.19313
data_for_algoritm_16535.json,27.0,24.0,0.0,8.0685,49.291199999999996,75.74050006525428,84.68341
data_for_algoritm_16536.json,27.0,24.0,0.0,8.25,50.4,77.48945055901163,86.63887
data_for_algoritm_16541.json,6.0,0.0,0.0,0.6545650000000001,2.88925,28.886862268436765,31.69028
data_for_algoritm_16542.json,5.0,0.0,0.0,0.6545650000000001,2.88925,23.329498894330456,26.89373
data_for_algoritm_16544.json,33.0,33.0,33.0,0.6300000000000001,21.88800000000001,53.85800952790862,60.46985
data_for_algoritm_16545.json,7.0,0.0,0.0,0.5565,4.45554,14.338143816372703,16.16527
data_for_algoritm_16546.json,13.0,0.0,0.0,0.5565,13.608360000000001,48.91753557385441,55.15117
data_for_algoritm_16547.json,13.0,0.0,0.0,0.5565,27.658075000000004,80.32990374941035,75.92953
data_for_algoritm_16552.json,11.0,0.0,0.0,1.5960000000000003,17.568,135.3174409683627,81.91017
data_for_algoritm_16554.json,17.0,5.0,7.0,0.018,7.199999999999999,13.532463314770856,13.62401
data_for_algoritm_16555.json,17.0,6.0,8.0,0.018,7.199999999999999,13.532463314770856,13.62401
data_for_algoritm_16560.json,183.0,0.0,0.0,45.56560554000001,45.56560554000001,76.95592896470191,77.20498
data_for_algoritm_16569.json,3.0,0.0,0.0,58.08000000000001,58.08000000000001,86.05241909422676,86.05242
data_for_algoritm_16570.json,59.0,0.0,0.0,67.00512,67.00512,32.44162427875817,36.89443
data_for_algoritm_16572.json,150.0,0.0,150.0,0.21599999999999997,0.21599999999999997,139.00811914981642,77.48184
data_for_algoritm_16574.json,17.0,17.0,17.0,0.1,16.56,38.79500116389743,40.35352
data_for_algoritm_16575.json,17.0,17.0,17.0,0.1,16.56,36.25293582991981,36.49818
data_for_algoritm_16581.json,39.0,0.0,39.0,0.07200000000000001,0.7235200000000002,232.48697916666674,71.79583
data_for_algoritm_16582.json,510.0,0.0,0.0,4.5383625,4.5383625,10.610544087819502,12.12593
data_for_algoritm_16586.json,39.0,0.0,28.0,0.07200000000000001,0.7235200000000002,232.48697916666674,74.61267
data_for_algoritm_16587.json,39.0,0.0,28.0,0.07200000000000001,0.7235200000000002,232.48697916666674,74.61267
data_for_algoritm_16588.json,39.0,0.0,28.0,0.07200000000000001,0.7235200000000002,232.48697916666674,74.61267
data_for_algoritm_16589.json,39.0,0.0,28.0,0.07200000000000001,0.7235200000000002,232.48697916666674,67.87703
data_for_algoritm_16591.json,39.0,0.0,28.0,0.07200000000000001,0.7235200000000002,181.94633152173918,68.54144
data_for_algoritm_16593.json,39.0,0.0,28.0,0.07200000000000001,0.7235200000000002,181.94633152173918,68.17024
data_for_algoritm_16594.json,39.0,0.0,28.0,0.07200000000000001,0.7235200000000002,181.94633152173918,72.86988
data_for_algoritm_16596.json,39.0,0.0,28.0,0.07200000000000001,0.7235200000000002,181.94633152173918,72.86988
data_for_algoritm_16606.json,15.0,0.0,0.0,21.678372000000003,21.678372000000003,38.35065553785194,38.78593
data_for_algoritm_16607.json,13.0,0.0,0.0,18.7879224,18.7879224,35.95985935219435,38.78593
data_for_algoritm_16608.json,11.0,0.0,0.0,1.5960000000000003,17.568,1008.4780925636481,80.3648
data_for_algoritm_16611.json,32.0,0.0,0.0,1.1088,1.1088,57.75,57.75
data_for_algoritm_16612.json,32.0,0.0,0.0,1.1088,1.1088,57.75,57.75
data_for_algoritm_16613.json,32.0,0.0,0.0,1.1088,1.1088,46.2,46.2
data_for_algoritm_16614.json,48.0,0.0,0.0,1.6632,1.6632,69.30000000000001,69.3
data_for_algoritm_16615.json,10.0,10.0,10.0,1.9167499999999997,2.275,45.7113563248914,47.1185
data_for_algoritm_16616.json,13.0,13.0,13.0,1.9167499999999997,2.34,62.12388826708264,59.62287
data_for_algoritm_16617.json,11.0,11.0,11.0,1.536,2.275,49.30247442506317,51.2225
data_for_algoritm_16618.json,12.0,0.0,0.0,1.7641800000000005,1.7641800000000005,91.88437500000003,61.25625
data_for_algoritm_16621.json,211.0,0.0,5.0,2.86875,22.482500000000005,73.37875163675459,82.72951
data_for_algoritm_16625.json,17.0,17.0,17.0,1.6703999999999999,2.68515,35.09981385129813,35.33725
data_for_algoritm_16626.json,10.0,10.0,10.0,0.6400000000000001,10.488000000000003,27.57463362549451,30.95981
data_for_algoritm_16627.json,10.0,10.0,10.0,0.6400000000000001,10.488000000000003,27.57463362549451,30.95981
data_for_algoritm_16636.json,20.0,0.0,20.0,1.1934375000000002,3.5803125000000002,5.260265368611134,5.48717
data_for_algoritm_16639.json,36.0,0.0,0.0,19.439999999999998,19.439999999999998,9.714839932411024,9.93122
data_for_algoritm_16653.json,25.0,25.0,25.0,4.256000000000001,27.66400000000001,56.71648754965598,62.2734
data_for_algoritm_16657.json,2160.0,0.0,0.0,0.04185,506.5737600000001,24.185054666462484,17.06777
data_for_algoritm_16659.json,20.0,0.0,20.0,1.1934375000000002,3.5803125000000002,5.260265368611134,5.48717
data_for_algoritm_16661.json,17.0,0.0,7.0,1.1306250000000002,9.045000000000002,18.687784862171135,19.4939
data_for_algoritm_16663.json,17.0,0.0,17.0,1.1306250000000002,22.612500000000004,41.113126696776504,42.88658
data_for_algoritm_16666.json,17.0,0.0,17.0,1.1306250000000002,20.351250000000004,41.11312669677649,42.88658
data_for_algoritm_16668.json,563.0,0.0,563.0,0.09344496000000001,161.21297808000003,46.38226783159863,51.77125
data_for_algoritm_16669.json,17.0,0.0,1.0,1.2000000000000002,19.2,35.48487431824064,35.72492
data_for_algoritm_16670.json,17.0,0.0,17.0,1.2000000000000002,19.2,35.48487431824064,35.72492
data_for_algoritm_16677.json,12.0,0.0,0.0,1.7641800000000005,1.7641800000000005,73.50750000000002,73.5075
data_for_algoritm_16678.json,12.0,0.0,0.0,1.7641800000000005,1.7641800000000005,91.88437500000003,68.91328
data_for_algoritm_16679.json,12.0,0.0,0.0,1.7641800000000005,1.7641800000000005,73.50750000000002,73.5075
data_for_algoritm_16681.json,2160.0,0.0,0.0,0.04185,506.5737600000001,27.350088926851328,18.1407
data_for_algoritm_16682.json,12.0,0.0,0.0,1.152,11.22,24.017076771130917,34.93882
data_for_algoritm_16686.json,115.0,0.0,0.0,37.1358,37.1358,53.89811320754716,55.56507
data_for_algoritm_16687.json,202.0,0.0,0.0,65.22984000000001,65.22984000000001,94.6732075471698,86.97141
data_for_algoritm_16688.json,2160.0,0.0,2160.0,0.04185,506.5737600000001,27.350088926851328,29.23714
data_for_algoritm_16689.json,2160.0,178.0,2160.0,0.04185,506.5737600000001,27.350088926851328,29.23714
data_for_algoritm_16690.json,2160.0,178.0,2160.0,0.04185,506.5737600000001,27.350088926851328,29.23714
data_for_algoritm_16704.json,100.0,0.0,0.0,1.0000000000000002,1.0000000000000002,52.08333333333335,52.08333
data_for_algoritm_16709.json,29.0,0.0,29.0,0.0945,3.5324100000000005,57.522240330685584,57.52224
data_for_algoritm_16715.json,37.0,25.0,25.0,0.008028,8.64,10.871279324230523,12.25662
data_for_algoritm_16718.json,10.0,10.0,3.0,0.12000000000000002,17.688000000000002,30.13736744310333,31.43737
data_for_algoritm_16719.json,10.0,10.0,5.0,0.12000000000000002,17.688000000000002,30.13736744310333,31.43737
data_for_algoritm_16726.json,9.0,0.0,0.0,0.03,0.1,28.979375,28.97938
data_for_algoritm_16727.json,17.0,17.0,17.0,0.696,8.64,10.845601178509682,12.22767
data_for_algoritm_16730.json,20.0,20.0,20.0,8.028,14.076000000000002,25.678145720841687,28.95035
data_for_algoritm_16732.json,39.0,0.0,24.0,0.07200000000000001,0.7235200000000002,181.94633152173918,73.73551
data_for_algoritm_16782.json,27.0,0.0,0.0,9.36,25.155,49.44157860742069,49.77604
data_for_algoritm_16783.json,27.0,0.0,0.0,9.36,25.155,49.44157860742069,49.77604
data_for_algoritm_16784.json,30.0,0.0,0.0,9.36,50.31,75.34396140174886,73.52112
data_for_algoritm_16785.json,18.0,0.0,0.0,16.875,50.31,74.03214009743681,48.31126
data_for_algoritm_16786.json,17.0,0.0,17.0,0.6003000000000001,5.831488000000001,34.78141775374804,40.09525
data_for_algoritm_16788.json,36.0,0.0,0.0,9.36,16.875,40.91557067511946,41.19235
data_for_algoritm_16789.json,11.0,11.0,11.0,0.6382880000000001,2.7489000000000003,18.68342835342638,18.80982
data_for_algoritm_16790.json,11.0,11.0,11.0,0.6382880000000001,2.7489000000000003,19.993515231904844,20.85596
data_for_algoritm_16791.json,36.0,0.0,36.0,9.36,16.875,40.91557067511946,41.19235
data_for_algoritm_16792.json,13.0,13.0,13.0,0.6382880000000001,8.208000000000002,29.038031208979504,30.29062
data_for_algoritm_16794.json,17.0,0.0,0.0,2.55,2.55,18.73063912995344,19.87361
data_for_algoritm_16795.json,18.0,0.0,0.0,0.075,2.55,19.281540280834424,20.45812
data_for_algoritm_16799.json,288.0,0.0,0.0,38.4,38.4,355.86815717431193,84.59283
data_for_algoritm_16808.json,96.0,0.0,0.0,0.5120000000000001,0.5120000000000001,80.00000000000003,80.0
data_for_algoritm_16822.json,2.0,0.0,0.0,7.392000000000001,7.392000000000001,16.290707139994137,16.99342
data_for_algoritm_16824.json,7.0,7.0,0.0,0.12390000000000001,28.520000000000003,90.53534891165262,69.254
data_for_algoritm_16825.json,2.0,2.0,0.0,7.392000000000001,14.520000000000003,24.145155225348454,25.18668
data_for_algoritm_16826.json,2.0,1.0,0.0,7.392000000000001,14.520000000000003,24.145155225348454,25.18668
data_for_algoritm_16827.json,3.0,3.0,0.0,0.12390000000000001,16.82194766,34.672680542527715,36.16832
data_for_algoritm_16832.json,4.0,1.0,0.0,22.176000000000002,28.520000000000003,55.86266836912491,58.27236
data_for_algoritm_16839.json,202.0,0.0,202.0,65.22984000000001,65.22984000000001,94.6732075471698,75.37522
data_for_algoritm_16841.json,600.0,0.0,600.0,323.99999999999994,323.99999999999994,376.38975812308655,79.21268
data_for_algoritm_16842.json,600.0,0.0,600.0,270.0,270.0,313.6581317692388,68.36809
data_for_algoritm_16846.json,91.0,91.0,91.0,0.14,2.3800000000000003,49.21666987922226,36.21864
data_for_algoritm_16847.json,91.0,91.0,91.0,0.14,2.3800000000000003,49.21666987922226,36.21864
data_for_algoritm_16855.json,19.0,0.0,19.0,0.036000000000000004,3.168256,35.88220488745995,41.36421
data_for_algoritm_16862.json,18.0,2.0,2.0,0.0375,24.990000000000002,59.67996325414728,59.67996
data_for_algoritm_16863.json,8.0,8.0,8.0,0.224532,14.879999999999999,39.69379283325413,31.95821
data_for_algoritm_16878.json,91.0,91.0,91.0,0.14,2.3800000000000003,49.21666987922226,36.21864
data_for_algoritm_16881.json,91.0,91.0,91.0,0.14,2.3800000000000003,49.21666987922226,36.21864
data_for_algoritm_16889.json,924.0,0.0,0.0,56.955822,56.955822,85.18541750796426,85.18542
data_for_algoritm_16890.json,924.0,0.0,924.0,56.955822,56.955822,85.18541750796426,85.18542
data_for_algoritm_16892.json,41.0,41.0,41.0,0.07325500000000001,5.3059125,54.56958019476923,51.44133
data_for_algoritm_16894.json,38.0,0.0,0.0,1.7290000000000003,1.7290000000000003,102.91666666666669,78.54167
data_for_algoritm_16895.json,200.0,0.0,0.0,32.76,32.76,33.733335732148326,33.96153
data_for_algoritm_16896.json,30.0,0.0,0.0,1.3650000000000002,1.3650000000000002,81.25000000000001,78.54167
data_for_algoritm_16897.json,28.0,0.0,28.0,0.28275200000000006,5.831488000000001,45.65648719425789,52.63178
data_for_algoritm_16899.json,86.0,0.0,86.0,0.0020081250000000004,0.23800000000000004,69.36994103009259,69.36994
data_for_algoritm_16900.json,84.0,0.0,84.0,0.003516444,0.15400000000000003,67.177179595032,61.22618
data_for_algoritm_16901.json,84.0,0.0,84.0,0.003516444,0.15400000000000003,67.177179595032,68.57888
data_for_algoritm_16902.json,84.0,0.0,84.0,0.003516444,0.15400000000000003,67.177179595032,61.22618
data_for_algoritm_16912.json,16.0,0.0,0.0,34.65,44.550000000000004,81.5531193524465,82.1048
data_for_algoritm_16913.json,28.0,0.0,0.0,12.420000000000002,44.550000000000004,94.34213125089833,74.45413
data_for_algoritm_16915.json,16.0,0.0,0.0,34.65,44.550000000000004,81.5531193524465,82.1048
data_for_algoritm_16916.json,28.0,12.0,12.0,12.420000000000002,44.550000000000004,94.34213125089833,91.76145
data_for_algoritm_16919.json,355.0,0.0,0.0,0.6517000000000002,2.796984,26.38233738671784,41.70025
data_for_algoritm_16927.json,100.0,0.0,0.0,28.000000000000004,28.000000000000004,30.853612007564653,32.18452
data_for_algoritm_16929.json,200.0,0.0,0.0,9.801000000000002,12.250000000000002,32.67117585135665,32.67118
data_for_algoritm_16930.json,600.0,0.0,0.0,29.403000000000006,36.75000000000001,98.01352755406995,85.23474
data_for_algoritm_16931.json,512.0,0.0,0.0,20.77812,36.75000000000001,85.23474331857727,85.23474
data_for_algoritm_16932.json,6.0,0.0,0.0,0.42000000000000004,1.512,12.868632147362954,13.65445
data_for_algoritm_16933.json,75.0,0.0,0.0,3.84,32.208000000000006,58.931653559844754,59.33031
data_for_algoritm_16934.json,108.0,0.0,0.0,0.9299999999999999,32.208000000000006,66.36256373417469,66.81149
data_for_algoritm_16935.json,108.0,0.0,35.0,0.9299999999999999,32.208000000000006,66.36256373417469,66.81149
data_for_algoritm_16936.json,129.0,0.0,40.0,0.525,32.208000000000006,76.01672315085142,76.53095
data_for_algoritm_16951.json,50.0,0.0,0.0,93.0,93.0,61.48684107221813,64.13914
data_for_algoritm_16952.json,5700.0,0.0,5700.0,0.015067500000000003,45.86400000000001,219.6805693873788,97.12891
data_for_algoritm_16953.json,45.0,0.0,0.0,83.69999999999999,83.69999999999999,61.48684107221811,64.13914
data_for_algoritm_16954.json,5700.0,0.0,5700.0,0.015067500000000003,45.86400000000001,219.6805693873788,97.09122
data_for_algoritm_16956.json,17.0,0.0,0.0,0.04000000000000001,1.6560000000000001,30.500439456523367,30.50044
data_for_algoritm_16958.json,22.0,3.0,1.0,0.054060000000000004,1.6560000000000001,38.19571839387827,38.19572
data_for_algoritm_16959.json,22.0,4.0,1.0,0.054060000000000004,1.6560000000000001,38.19571839387827,38.19572
data_for_algoritm_16960.json,22.0,4.0,2.0,0.054060000000000004,1.6560000000000001,38.19571839387827,38.19572
data_for_algoritm_16961.json,22.0,4.0,6.0,0.054060000000000004,1.6560000000000001,38.19571839387827,38.19572
data_for_algoritm_16963.json,24.0,24.0,24.0,9.36,13.5,23.539195813092512,19.39104
data_for_algoritm_16980.json,7.0,7.0,7.0,1.2160000000000004,3.6480000000000015,11.5821904858121,13.00407
data_for_algoritm_16983.json,32.0,0.0,0.0,0.7123200000000001,0.7123200000000001,37.10000000000001,37.1
data_for_algoritm_16984.json,60.0,0.0,0.0,1.3356000000000001,1.3356000000000001,69.5625,69.5625
data_for_algoritm_16986.json,36.0,0.0,36.0,9.36,16.875,40.91557067511946,41.19235
data_for_algoritm_16987.json,26.0,26.0,26.0,1.2160000000000004,17.024000000000004,41.63327931386512,46.74436
data_for_algoritm_16988.json,52.0,0.0,0.0,0.07167200000000001,0.4700000000000001,37.688437500000006,37.68844
data_for_algoritm_16990.json,52.0,0.0,0.0,0.07167200000000001,0.4700000000000001,37.688437500000006,37.68844
data_for_algoritm_16991.json,52.0,47.0,0.0,0.07167200000000001,0.4700000000000001,37.688437500000006,23.62594
data_for_algoritm_16996.json,4.0,4.0,0.0,6.107650000000001,16.808215000000004,48.733657372708436,49.06333
data_for_algoritm_17000.json,53.0,0.0,0.0,0.3360000000000001,16.0992,18.1101887166688,18.89139
data_for_algoritm_17002.json,503.0,0.0,0.0,0.3360000000000001,160.992,177.76969706987106,88.47085
data_for_algoritm_17009.json,60.0,0.0,0.0,0.81648,0.81648,42.525,42.525
data_for_algoritm_17010.json,120.0,0.0,0.0,1.63296,1.63296,85.05,85.05
data_for_algoritm_17014.json,82.0,0.0,0.0,1.92,2.25,7.530867940198541,9.03725
data_for_algoritm_17016.json,582.0,0.0,0.0,1.4400000000000002,5.760000000000001,17.539292104727988,26.97439
data_for_algoritm_17018.json,207.0,0.0,0.0,0.11250000000000002,2.25,11.582581174762648,14.56399
data_for_algoritm_17022.json,1101.0,0.0,0.0,0.08,3.5711999999999997,48.2001111599451,71.54494
data_for_algoritm_17028.json,4.0,0.0,0.0,0.10752,4.34948,9.151112592137727,9.21302
data_for_algoritm_17030.json,7.0,0.0,0.0,0.44764719999999997,27.082500000000003,66.39436728832881,49.32367
data_for_algoritm_17034.json,30.0,0.0,0.0,1.95624,1.95624,101.8875,81.51
data_for_algoritm_17036.json,1800.0,0.0,1800.0,10.232640000000002,13.856700000000004,48.512552656130744,48.84073
data_for_algoritm_17041.json,16.0,0.0,16.0,0.0349375,0.33384,71.91905182291669,40.36089
data_for_algoritm_17045.json,230.0,0.0,230.0,13.364208,16.831584000000003,73.16899798876943,82.49303
data_for_algoritm_17046.json,274.0,44.0,274.0,13.364208,16.831584000000003,88.69415544749357,87.26672
data_for_algoritm_17048.json,22.0,0.0,0.0,8.069424,8.069424,8.89181704359037,9.27537
data_for_algoritm_17061.json,122.0,122.0,0.0,0.20459999999999998,10.08,20.402366982507285,17.32653
data_for_algoritm_17067.json,122.0,0.0,0.0,0.20459999999999998,10.08,20.402366982507285,17.40565
data_for_algoritm_17068.json,122.0,0.0,0.0,0.20459999999999998,10.08,20.402366982507285,20.40237
data_for_algoritm_17069.json,122.0,0.0,0.0,0.20459999999999998,10.08,20.402366982507285,20.40237
data_for_algoritm_17074.json,28.0,0.0,0.0,0.023085000000000005,2.4150000000000005,14.338668793362066,14.95718
data_for_algoritm_17077.json,28.0,0.0,0.0,0.023085000000000005,2.4150000000000005,14.338668793362066,14.95718
data_for_algoritm_17078.json,56.0,0.0,0.0,0.04617000000000001,4.830000000000001,28.677337586724132,29.91436
data_for_algoritm_17079.json,84.0,0.0,0.0,0.06925500000000001,7.245000000000001,43.016006380086196,44.87155
data_for_algoritm_17080.json,28.0,0.0,0.0,0.023085000000000005,2.4150000000000005,14.212410127970298,40.83572
data_for_algoritm_17081.json,28.0,0.0,0.0,0.023085000000000005,2.4150000000000005,23.031876002251416,33.5056
data_for_algoritm_17083.json,950.0,0.0,0.0,24.000000000000004,57.6,131.23804250360536,89.42238
data_for_algoritm_17084.json,950.0,0.0,0.0,24.000000000000004,57.6,131.23804250360536,90.15342
data_for_algoritm_17086.json,18.0,18.0,18.0,1.89,24.885630000000003,47.19283645244068,49.22855
data_for_algoritm_17088.json,18.0,18.0,18.0,1.89,24.885630000000003,63.45481381783945,63.45481
data_for_algoritm_17090.json,24.0,24.0,24.0,9.36,13.5,23.539195813092512,19.39104
data_for_algoritm_17091.json,6.0,6.0,6.0,4.21875,25.155,30.246476509834913,30.45109
data_for_algoritm_17093.json,18.0,0.0,18.0,54.912000000000006,219.375,282.4363692907133,56.926
data_for_algoritm_17094.json,27.0,0.0,27.0,13.104000000000001,29.568000000000005,62.42520590432724,62.84749
data_for_algoritm_17095.json,27.0,0.0,27.0,13.104000000000001,29.568000000000005,62.42520590432724,62.84749
data_for_algoritm_17096.json,2182.0,0.0,2182.0,0.01624,21.56112,153.48801192282164,89.71148
data_for_algoritm_17097.json,140.0,0.0,0.0,8.78864,8.78864,47.84169849221656,50.76313
data_for_algoritm_17098.json,140.0,0.0,0.0,8.78864,8.78864,457.7416666666666,91.54833
data_for_algoritm_17099.json,18.0,18.0,18.0,1.89,24.885630000000003,63.45481381783945,63.45481
data_for_algoritm_17102.json,24.0,24.0,24.0,43.56000000000001,43.56000000000001,44.85421564384558,45.15764
data_for_algoritm_17103.json,26.0,26.0,26.0,2.1219030000000005,13.411723392,88.02600199333297,39.80357
data_for_algoritm_17108.json,43.0,43.0,43.0,0.40914999999999996,10.124352,58.54696508459818,21.13438
data_for_algoritm_17121.json,40.0,0.0,0.0,0.5428799999999999,0.5428799999999999,28.274999999999995,28.275
data_for_algoritm_17122.json,40.0,0.0,40.0,0.5428799999999999,0.5428799999999999,28.274999999999995,28.275
data_for_algoritm_17124.json,26.0,0.0,0.0,1.695408,1.695408,88.30250000000001,81.51
data_for_algoritm_17130.json,32.0,0.0,32.0,23.04,23.04,50.77623004673496,52.96652
data_for_algoritm_17131.json,32.0,0.0,32.0,23.04,23.04,47.449087623241596,47.77007
data_for_algoritm_17133.json,34.0,0.0,34.0,23.04,25.919999999999998,50.41465559969419,50.7557
data_for_algoritm_17136.json,34.0,0.0,34.0,23.04,25.919999999999998,93.70885595543206,53.50945
data_for_algoritm_17138.json,47.0,0.0,47.0,0.13305600000000004,0.29858399999999996,45.540000000000006,45.54
data_for_algoritm_17140.json,200.0,0.0,0.0,101.83250000000001,101.83250000000001,266.10683070552335,92.02861
data_for_algoritm_17143.json,146.0,0.0,146.0,0.27720000000000006,1.547208,217.23,94.25
data_for_algoritm_17146.json,1001.0,0.0,1.0,0.714,714.0,1037.320754716981,59.82673
data_for_algoritm_17147.json,1001.0,1.0,1.0,0.714,714.0,1037.320754716981,58.7584
data_for_algoritm_17168.json,57.0,0.0,0.0,0.04617000000000001,4.830000000000001,26.877364748921845,28.03675
data_for_algoritm_17169.json,85.0,0.0,0.0,0.06925500000000001,7.245000000000001,39.44395876084182,41.14542
data_for_algoritm_17170.json,85.0,0.0,0.0,0.06925500000000001,7.245000000000001,68.51280370741634,73.8972
data_for_algoritm_17171.json,85.0,0.0,0.0,0.06925500000000001,7.245000000000001,60.4557276135788,50.87579
data_for_algoritm_17172.json,85.0,0.0,0.0,0.06925500000000001,7.245000000000001,51.953318316400576,53.56012
data_for_algoritm_17173.json,85.0,0.0,0.0,0.06925500000000001,7.245000000000001,36.85937009754545,37.10871
data_for_algoritm_17174.json,85.0,0.0,0.0,0.06925500000000001,7.245000000000001,36.85937009754545,37.10871
data_for_algoritm_17175.json,85.0,0.0,0.0,0.06925500000000001,7.245000000000001,60.4557276135788,50.87579
data_for_algoritm_17176.json,57.0,0.0,0.0,0.04617000000000001,4.830000000000001,41.19491788549231,41.32823
data_for_algoritm_17195.json,29.0,5.0,0.0,0.023085000000000005,2.4150000000000005,14.310770737001885,14.92808
data_for_algoritm_17198.json,28.0,0.0,0.0,0.023085000000000005,2.4150000000000005,23.031876002251416,33.5056
data_for_algoritm_17199.json,1101.0,125.0,1091.0,0.08,3.5711999999999997,48.2001111599451,68.67403
data_for_algoritm_17201.json,1119.0,125.0,1109.0,0.08,3.5711999999999997,75.40563290649438,80.79543
data_for_algoritm_17203.json,1119.0,125.0,1109.0,0.08,3.5711999999999997,75.40563290649438,55.68084
data_for_algoritm_17208.json,6.0,6.0,6.0,17.806800000000003,17.806800000000003,18.335859667741722,18.4599
data_for_algoritm_17210.json,29.0,5.0,20.0,0.023085000000000005,3.9248300000000005,29.33801925030709,42.67946
data_for_algoritm_17211.json,29.0,5.0,20.0,0.023085000000000005,2.4150000000000005,26.10511991617373,37.9764
data_for_algoritm_17212.json,29.0,5.0,20.0,0.023085000000000005,2.4150000000000005,16.251940061349103,16.95298
data_for_algoritm_17213.json,58.0,10.0,40.0,0.04617000000000001,4.830000000000001,32.503880122698206,33.90597
data_for_algoritm_17214.json,30.0,5.0,21.0,0.023085000000000005,3.8817000000000004,29.63480284188057,43.1112
data_for_algoritm_17215.json,29.0,5.0,20.0,0.023085000000000005,2.4150000000000005,23.794935802810024,34.61566
data_for_algoritm_17216.json,30.0,5.0,21.0,0.023085000000000005,3.8817000000000004,18.449370892096383,19.2452
data_for_algoritm_17217.json,58.0,10.0,40.0,0.04617000000000001,7.763400000000001,35.90428138494151,37.45305
data_for_algoritm_17218.json,58.0,10.0,40.0,0.04617000000000001,7.64218,36.00319387776185,37.55623
data_for_algoritm_17219.json,29.0,5.0,20.0,0.023085000000000005,3.82109,18.001596938880926,18.77811
data_for_algoritm_17220.json,29.0,5.0,20.0,0.023085000000000005,3.82109,28.915553773775265,42.06488
data_for_algoritm_17222.json,20.0,0.0,0.0,1.7846400000000004,1.7846400000000004,92.95000000000002,65.065
data_for_algoritm_17223.json,20.0,0.0,0.0,1.7846400000000004,1.7846400000000004,74.36000000000003,74.36
data_for_algoritm_17224.json,3.0,3.0,3.0,2.5596648,6.372000000000001,33.36782178902305,38.46568
data_for_algoritm_17225.json,1000.0,200.0,800.0,10.799999999999999,19.600000000000005,67.26549288701608,67.26549
data_for_algoritm_17226.json,64.0,64.0,64.0,0.8999999999999999,17.759999999999998,25.90465593015918,11.7477
data_for_algoritm_17227.json,64.0,0.0,64.0,0.8999999999999999,17.759999999999998,25.90465593015918,26.07989
data_for_algoritm_17229.json,143.0,19.0,143.0,0.00427196,31.0,8.0560242775097,9.69831
data_for_algoritm_17233.json,70.0,0.0,0.0,0.2862,2.1168000000000005,145.15625000000003,77.175
data_for_algoritm_17234.json,16.0,0.0,0.0,0.21168000000000003,0.384,45.93125,45.93125
data_for_algoritm_17235.json,28.0,0.0,0.0,0.384,0.5724,71.86250000000001,71.8625
data_for_algoritm_17238.json,29.0,0.0,0.0,0.384,0.5724,73.70000000000002,71.8625
data_for_algoritm_17239.json,29.0,0.0,0.0,0.384,0.5724,73.70000000000002,71.8625
data_for_algoritm_17242.json,41.0,0.0,0.0,0.10020000000000001,22.19248,27.481040221051767,44.18843
data_for_algoritm_17247.json,41.0,0.0,0.0,0.10020000000000001,22.19248,27.481040221051767,44.18843
data_for_algoritm_17248.json,181.0,0.0,0.0,3.46528,37.842,132.23602462228433,85.15112
data_for_algoritm_17253.json,146.0,0.0,146.0,0.27720000000000006,1.547208,217.23,94.25
data_for_algoritm_17254.json,41.0,0.0,41.0,0.10020000000000001,22.19248,27.481040221051767,44.18843
data_for_algoritm_17255.json,41.0,0.0,41.0,0.10020000000000001,22.19248,27.481040221051767,44.18843
data_for_algoritm_17260.json,40.0,0.0,0.0,1.908,1.908,99.375,69.5625
data_for_algoritm_17261.json,28.0,0.0,0.0,1.3356,1.3356,69.5625,69.5625
data_for_algoritm_17262.json,355.0,0.0,0.0,0.6517000000000002,2.796984,10.731430531396231,10.73143
data_for_algoritm_17263.json,2.0,0.0,1.0,0.0932328,0.12,8.8847,8.8847
data_for_algoritm_17265.json,100.0,100.0,100.0,9.32328,9.32328,38.847,13.59645
data_for_algoritm_17266.json,57.0,0.0,9.0,0.16758000000000003,0.64512,64.11222500000001,64.11222
data_for_algoritm_17267.json,100.0,100.0,0.0,9.32328,9.32328,38.847,17.09268
data_for_algoritm_17268.json,100.0,0.0,0.0,9.32328,9.32328,38.847,38.847
data_for_algoritm_17271.json,57.0,0.0,39.0,0.16758000000000003,0.64512,64.11222500000001,64.11222
data_for_algoritm_17283.json,120.0,0.0,0.0,0.19140000000000001,1.8599999999999999,12.4322,12.4322
data_for_algoritm_17288.json,10.0,0.0,10.0,0.6246800000000001,19.0162,46.9816249922624,41.90538
data_for_algoritm_17289.json,10.0,0.0,0.0,0.6246800000000001,19.0162,46.9816249922624,46.98162
data_for_algoritm_17290.json,143.0,0.0,0.0,0.00427196,31.0,35.998039713278885,36.03909
data_for_algoritm_17291.json,143.0,0.0,0.0,0.00427196,31.0,36.03475771378643,36.27852
data_for_algoritm_17292.json,143.0,0.0,0.0,0.00427196,31.0,101.68153504141677,74.76472
data_for_algoritm_17293.json,143.0,0.0,0.0,0.00427196,31.0,62.06193016172954,66.93935
data_for_algoritm_17295.json,143.0,0.0,0.0,0.00427196,31.0,36.03475771378643,36.27852
data_for_algoritm_17296.json,143.0,0.0,0.0,0.00427196,31.0,61.673487827145465,61.67349
data_for_algoritm_17298.json,355.0,0.0,0.0,0.6517000000000002,2.796984,15.505906424674942,22.5572
data_for_algoritm_17301.json,2.0,2.0,2.0,2.3260419999999997,9.98254215,13.563009990234281,14.14806
data_for_algoritm_17303.json,750.0,0.0,0.0,11.25,28.8,109.4201311553989,87.65683
data_for_algoritm_17310.json,48.0,0.0,0.0,1.0206144,1.0206144,44.2975,44.2975
data_for_algoritm_17320.json,25.0,0.0,0.0,0.30912,1.44,91.10000000000001,91.1
data_for_algoritm_17333.json,200.0,0.0,0.0,1.7138,1.7138,89.26041666666666,89.26042
data_for_algoritm_17334.json,450.0,0.0,0.0,1.7138,2.14225,200.83593750000003,96.40125
data_for_algoritm_17335.json,250.0,0.0,0.0,0.42845,1.7138,111.57552083333333,96.40125
data_for_algoritm_17337.json,8.0,8.0,8.0,0.074772,4.57452,20.239996825941642,23.33222
data_for_algoritm_17339.json,41.0,41.0,41.0,8.329286,36.566100000000006,123.98177102487713,77.72499
data_for_algoritm_17340.json,47.0,47.0,47.0,8.329286,45.79392,141.8205550619896,77.34673
data_for_algoritm_17341.json,47.0,47.0,47.0,8.329286,45.79392,141.8205550619896,77.34673
data_for_algoritm_17342.json,47.0,47.0,47.0,8.5056,45.79392,142.0148380529718,77.39739
data_for_algoritm_17345.json,25.0,25.0,25.0,6.6240000000000006,39.003840000000004,67.42956409631287,70.33821
data_for_algoritm_17346.json,26.0,26.0,26.0,8.832,39.003840000000004,69.86259178605225,72.87619
data_for_algoritm_17347.json,25.0,25.0,25.0,6.6240000000000006,39.003840000000004,67.42956409631287,70.33821
data_for_algoritm_17349.json,37.0,37.0,37.0,6.6240000000000006,39.003840000000004,101.92280922137329,81.8931
data_for_algoritm_17352.json,47.0,47.0,47.0,8.5056,45.79392,142.0148380529718,77.39739
data_for_algoritm_17354.json,47.0,47.0,47.0,8.5056,45.79392,142.0148380529718,77.39739
data_for_algoritm_17361.json,24.0,24.0,24.0,9.36,13.5,23.539195813092512,19.39104
data_for_algoritm_17363.json,6.0,3.0,6.0,4.21875,25.155,32.36736734668579,33.76357
data_for_algoritm_17364.json,29.0,29.0,29.0,2.0112,8.678327999999999,70.16826369921037,73.19505
data_for_algoritm_17365.json,29.0,29.0,29.0,2.0112,13.319172,70.28018956238836,73.3118
data_for_algoritm_17366.json,29.0,29.0,29.0,2.0112,13.319172,70.28018956238836,73.3118
data_for_algoritm_17367.json,29.0,29.0,29.0,2.0112,15.539034000000001,83.26619723788637,83.2662
data_for_algoritm_17368.json,29.0,29.0,29.0,2.0112,13.319172,70.28018956238836,73.3118
data_for_algoritm_17369.json,29.0,29.0,29.0,2.0112,15.539034000000001,83.26619723788637,83.2662
data_for_algoritm_17370.json,28.0,28.0,28.0,2.0112,15.539034000000001,80.69541389933168,80.69541
data_for_algoritm_17371.json,28.0,28.0,28.0,2.0112,22.1232,76.74275315893902,76.74275
data_for_algoritm_17372.json,28.0,28.0,28.0,2.0112,22.1232,76.74275315893902,76.74275
data_for_algoritm_17373.json,31.0,31.0,31.0,2.0112,22.1232,83.18305137844611,83.18305
data_for_algoritm_17374.json,28.0,28.0,28.0,2.0112,22.1232,76.74275315893902,76.74275
data_for_algoritm_17375.json,31.0,31.0,31.0,2.0112,22.1232,83.18305137844611,83.18305
data_for_algoritm_17567.json,1.0,0.0,0.0,0.0010000000000000002,0.0010000000000000002,0.0024812356553563673,0.00248
data_for_algoritm_17568.json,2.0,0.0,0.0,0.0020000000000000005,0.0020000000000000005,0.004962471310712735,0.00496
data_for_algoritm_17569.json,10.0,0.0,0.0,0.010000000000000002,0.010000000000000002,0.024812356553563675,0.02481
